Question Text,Question Type,Option 1,Option 2,Option 3,Option 4,Option 5,Correct Answer
"'Đối tượng nghiên cứu của Khoa học Lịch sử Đảng Cộng sản Việt Nam là:",Multiple Choice,"'Sự ra đời, phát triển, hoạt động lãnh đạo của Đảng qua các thời kỳ.","'Các đảng viên Đảng cộng sản Việt Nam.","'Những hạn chế của Đảng Cộng sản.","'Các văn kiện Đảng chuẩn bị lưu hành.",,1
"'Một trong những nhiệm vụ hàng đầu khi nghiên cứu khoa học Lịch sử Đảng Cộng sản Việt Nam là:",Multiple Choice,"'Chọn lọc ra những sự kiện lịch sử nổi bật để tái hiện lại sự thành công trong quá trình lãnh đạo của Đảng.","'Khẳng định, chứng minh giá trị khoa học của những mục tiêu chiến lược và sách lược cách mạng mà Đảng đề ra trong cương lĩnh.","'Làm cho người học hiểu được quyền lực của Đảng, từ đó thêm trung thành với đường lối lãnh đạo của Đảng.","'Tìm hiểu về lịch sử ra đời của đảng cộng sản trên thế giới.",,2
"'Là một ngành của khoa học lịch sử, lịch sử Đảng có các chức năng của khoa học lịch sử đồng thời có chức năng nổi bật là:",Multiple Choice,"'Chức năng giáo dục, sàng lọc, tuyên truyền và tìm kiếm.","'Chức năng tuyên truyền, phổ cập, giáo huấn và phổ quát.","'Chức năng nhận thức, điều tiết, chọn lọc, tìm kiếm.","'Chức năng nhận thức, giáo dục, dự báo và phê phán.",,4
"'Khoa học lịch sử Đảng có mấy nhiệm vụ trọng tâm:",Multiple Choice,"'1.","'3.","'4","'2.",,3
"'Nghiên cứu, học tập lịch sử Đảng cần quán triệt tính đảng và tính khoa học. Vậy “tính khoa học” trong nghiên cứu lịch sử Đảng là gì?",Multiple Choice,"'Là đứng trên lập trường chủ nghĩa Mác - Lênin, tư tưởng Hồ Chí Minh để nhận thức lịch sử một cách khoa học, đúng đắn, luôn luôn kế thừa và phát triển sáng tạo.","'Là phát hiện ra giai cấp công nhân là lực lượng xã hội có thể thủ tiêu chủ nghĩa tư bản, xây dựng chủ nghĩa xã hội.","'Là sự phản ánh kết quả nghiên cứu sự vật, hiện tượng, sự kiện lịch sử phải đạt đến chân lý khách quan dựa trên luận cứ khoa học, tôn trọng hiện thực lịch sử.","'Là kết quả nghiên cứu các sự vật, hiện tượng dựa trên kinh nghiệm của nhân dân.",,3
"'Nghiên cứu, học tập lịch sử Đảng cần quán triệt tính đảng và tính khoa học. Vậy “tính đảng” là gì?",Multiple Choice,"'Là phát hiện ra giai cấp công nhân là lực lượng xã hội có thể thủ tiêu chủ nghĩa tư bản, xây dựng chủ nghĩa xã hội.","'Là đứng trên lập trường chủ nghĩa Mác - Lênin, tư tưởng Hồ Chí Minh để nhận thức lịch sử một cách khoa học, đúng đắn, luôn luôn kế thừa và phát triển sáng tạo.","'Là chỉ ra sự cần thiết phải thay thế chủ nghĩa tư bản bằng chủ nghĩa xã hội. Đứng trên lập trường của giai cấp tư.","'Là phản ánh đúng khát vọng của nhân dân lao động bị áp bức, khẳng định sứ mệnh lịch sử của giai cấp nông dân.",,2
"'Cần phải coi trọng phương pháp tổng kết thực tiễn lịch sử gắn với nghiên cứu lý luận trong nghiên cứu lịch sử Đảng để:",Multiple Choice,"'làm rõ kinh nghiệm, bài học, quy luật phát triển của cách mạng Việt Nam.","'dễ dàng thống kê những thành tựu mà Đảng đạt được trong lãnh đạo cách mạng.","'chứng tỏ sự linh hoạt trong các bước để đề ra đường lối, chủ trương của Đảng.","'làm hài lòng người dân trong quá trình lãnh đạo của Đảng.",,1
"'Tại sao khi nghiên cứu khoa học lịch sử Đảng Cộng sản Việt Nam lại cần phải nhận thức và vận dụng chủ nghĩa duy vật lịch sử?",Multiple Choice,"'Để thấy được sự ưu việt của Đảng Cộng sản Việt Nam so với đảng phái ở Phương Tây.","'Để nhận thức tiến trình cách mạng do Đảng Cộng sản Việt Nam lãnh đạo.","'Để nhận thức được sứ mệnh lịch sử của giai cấp công nhân.","'Để hiểu vì sao cách mạng giải phóng dân tộc ở Việt Nam đi theo con đường cách mạng vô sản.",,2
"'Trong phương pháp nghiên cứu, học tập môn học Lịch sử Đảng Cộng sản Việt Nam cần phải dựa trên phương pháp luận khoa học Mácxít, đồng thời phải nắm vững chủ nghĩa nào dưới đây để xem xét và nhận thức lịch sử một cách khách quan, trung thực và đúng quy luật?",Multiple Choice,"'Chủ nghĩa duy vật biện chứng và chủ nghĩa duy vật lịch sử.","'Chủ nghĩa duy lý và chủ nghĩa duy vật biện chứng.","'Chủ nghĩa duy lý và chủ nghĩa duy vật lịch sử.","'Chủ nghĩa duy tâm và chủ nghĩa duy vật.",,1
"'Việc tiến hành thảo luận, trao đổi các vấn đề do giảng viên đưa ra để có thể hiểu rõ hơn nội dung của môn học lịch sử Đảng Cộng sản Việt Nam thì được gọi là:",Multiple Choice,"'phương pháp làm việc khách quan.","'phương pháp làm việc chủ quan.","'phương pháp làm việc biện chứng.","'phương pháp làm việc nhóm.",,4
"'Trong nghiên cứu lịch sử Đảng, khi xem xét, đối chiếu các hiện tượng lịch sử trong hình thức tổng quát nhằm vạch ra bản chất, quy luật trong sự vận động của sự vật thì đó là phương pháp nghiên cứu nào?",Multiple Choice,"'Phương pháp tổng hợp.","'Phương pháp logic.","'Phương pháp làm việc nhóm.","'Phương pháp lịch sử.",,2
"'Đảng lãnh đạo cách mạng giải phóng dân tộc, xây dựng đất nước bằng…",Multiple Choice,"'cương lĩnh, đường lối, chủ trương, chính sách lớn.","'tư tưởng của các nhà triết học nổi tiếng.","'thông báo, giấy tờ tuyên truyền được in bởi các Nhà xuất bản của Việt Nam.","'lý luận của chủ nghĩa Mác - Lênin.",,1
"'Bản cương lĩnh đầu tiên của Đảng Cộng sản Việt Nam ra đời năm bao nhiêu?",Multiple Choice,"'1930.","'1932.","'1931.","'1933.",,1
"'Điền vào chỗ trống: “Đảng lấy chủ nghĩa Mác - Lênin, … làm nền tảng tư tưởng, kim chỉ nam cho hành động”",Multiple Choice,"'truyền thống đoàn kết.","'tư tưởng Hồ Chí Minh.","'tư tưởng Ăngghen.","'truyền thống yêu nước.",,2
"'Năm 1933, tác phẩm “Sơ thảo lịch sử phong trào Đông Dương” là bản nghiên cứu tổng hợp đầu tiên về lịch sử Đảng. Tác phẩm này của ai?",Multiple Choice,"'Lê Duẩn.","'Trường Chinh.","'Võ Nguyên Giáp.","'Hà Huy Tập.",,4
"'Phong trào Đông Kinh Nghĩa Thục thuộc khuynh hướng nào trong các khuynh hướng sau?",Multiple Choice,"'Phong trào yêu nước theo khuynh hướng Cần Vương.","'Phong trào yêu nước theo khuynh hướng phong kiến.","'Phong trào yêu nước theo khuynh hướng dân chủ tư sản.","'Phong trào yêu nước theo khuynh hướng vô sản.",,3
"'Phong trào do Phan Bội Châu khởi xướng thuộc khuynh hướng nào trong các khuynh hướng sau?",Multiple Choice,"'Phong trào yêu nước theo khuynh hướng Cần Vương.","'Phong trào yêu nước theo khuynh hướng phong kiến.","'Phong trào yêu nước theo khuynh hướng dân chủ tư sản.","'Phong trào yêu nước theo khuynh hướng vô sản.",,3
"'Thời gian diễn ra cuộc khai thác thuộc địa lần thứ nhất của thực dân Pháp ở Việt Nam?",Multiple Choice,"'1897 - 1914.","'1884 - 1914.","'1858 - 1914.","'1873 - 1914.",,1
"'Phong trào do Việt Nam Quốc dân Đảng khởi xướng thuộc khuynh hướng nào trong các khuynh hướng sau?",Multiple Choice,"'Phong trào yêu nước theo khuynh hướng Cần Vương.","'Phong trào yêu nước theo khuynh hướng phong kiến.","'Phong trào yêu nước theo khuynh hướng dân chủ tư sản.","'Phong trào yêu nước theo khuynh hướng vô sản.",,3
"'Trong những điểm sau đây nói về “hoàn cảnh quốc tế cuối thế kỷ XIX đầu thế kỷ XX đã tác động đến sự ra đời của Đảng Cộng sản Việt Nam”, điểm tác động nào nói đến ảnh hưởng của chủ nghĩa Mác - Lênin?",Multiple Choice,"'Mâu thuẫn giữa dân tộc thuộc địa với chủ nghĩa đế quốc.","'Chủ nghĩa Mác - Lênin đã lay chuyển lôi cuốn quần chúng nhân dân và những phần tử ưu tú tích cực ở các nước thuộc địa vào phong trào cộng sản.","'Cách mạng Tháng Mười Nga như một trong các động lực thúc đẩy sự ra đời của nhiều Đảng Cộng sản.","'Cách mạng Việt Nam lâm vào tình trạng khủng hoảng sâu sắc về đường lối, về giai cấp lãnh đạo.",,2
"'Bản hiệp ước cuối cùng mà triều đình nhà Nguyễn kí với thực dân Pháp, chính thức biến Việt Nam thành thuộc địa nửa phong kiến là:",Multiple Choice,"'Pa tơ nốt.","'Hác Măng.","'Trùng Khánh.","'Hiệp ước năm 1873.",,1
"'Trong cuộc khai thác thuộc địa lần thứ nhất của thực dân Pháp, giai cấp nào mới được hình thành?",Multiple Choice,"'Giai cấp nông dân.","'Giai cấp đia chủ.","'Giai cấp nông dân và địa chủ.","'Giai cấp công nhân.",,4
"'Thực dân Pháp xâm lược Việt Nam vào thời gian nào?",Multiple Choice,"'1858.","'1859.","'1860.","'1861.",,1
"'Trong những điểm sau đây nói về chính sách cai trị của thực dân Pháp, điểm nào thuộc về chính sách kinh tế?",Multiple Choice,"'Chia Việt Nam ra thành ba xứ để cai trị: Bắc Kỳ, Trung Kỳ, Nam Kỳ.","'Chính sách khai thác thuộc địa.","'Thực hiện chính sách dung túng, duy trì các hủ tục lạc hậu trong nhân dân ta.","'Thực hiện khẩu hiệu: Tự do, bình đẳng, bác ái ở nước ta.",,2
"'Đại hội Đảng Cộng sản Đông Dương lần thứ nhất bầu đồng chí nào làm Tổng bí thư?",Multiple Choice,"'Hà Huy Tập.","'Trần Phú.","'Lê Hồng Phong.","'Trường Chinh.",,3
"'Tổ chức cộng sản Đông Dương Cộng sản Liên đoàn gia nhập Đảng Cộng sản Việt Nam vào thời gian nào?",Multiple Choice,"'03/02/1930.","'06/01/1930.","'07/02/1930.","'24/02/1930.",,4
"'Được sự chỉ đạo của Quốc tế Cộng sản, ban lãnh đạo của đảng ở nước ngoài do ai đứng đầu?",Multiple Choice,"'Nguyễn Ái Quốc.","'Trần Phú.","'Lê Hồng Phong.","'Nguyễn Thị Minh Khai.",,3
"'Hội nghị thành lập Đảng đầu năm 1930 có tất cả bao nhiêu đại biểu tham dự?",Multiple Choice,"'6.","'7.","'8.","'9.",,2
"'Nguyễn Ái Quốc lựa chọn con đường giải phóng dân tộc theo khuynh hướng chính trị vô sản vào thời gian nào?",Multiple Choice,"'1917.","'1918.","'1919.","'1920.",,4
"'Đại hội Đảng lần thứ nhất diễn ra ở đâu?",Multiple Choice,"'Ma Cao (Trung Quốc).","'Quảng Châu (Trung Quốc).","'Hà Nội (Việt Nam).","'Băng Cốc (Thái Lan).",,1
"'Tổ chức An Nam Cộng sản Đảng được thành lập khi nào và ở đâu?",Multiple Choice,"'11/1929 tại Cửu Long (Trung Quốc).","'11/1929 tại Khánh Hội (Sài Gòn).","'11/1929 tại Hàm Long (Hà Nội).","'11/1930 tại Quảng Châu.",,2
"'Hội nghị nào của Ban chấp hành Trung ương Đảng nhấn mạnh giải phóng dân tộc là nhiệm vụ bức thiết nhất?",Multiple Choice,"'Hội nghị họp tháng 10/1930.","'Hội nghị họp tháng 11/1939.","'Hội nghị họp tháng 11/1940.","'Hội nghị họp tháng 5/1941.",,4
"'Hội nghị Ban Chấp hành Trung ương Đảng 5/1941 họp ở đâu? Do ai chủ trì?",Multiple Choice,"'Cao Bằng - Nguyễn Ái Quốc.","'Bắc Cạn - Trường Chinh.","'Cao Bằng - Trường Chinh.","'Tuyên Quang - Nguyễn Ái Quốc.",,1
"'Hội liên hiệp các dân tộc thuộc địa được thành lập năm nào?",Multiple Choice,"'1921.","'1922.","'1923.","'1924.",,1
"'Mặt trận Việt Minh chính thức thành lập ngày nào?",Multiple Choice,"'10/5/1941.","'15/5/1941.","'19/5/1941.","'29/5/1941.",,3
"'Luận cương Chính trị do đồng chí Trần Phú khởi thảo ra đời vào thời gian nào?",Multiple Choice,"'2/1930.","'10/1930.","'9/1930.","'8/1930.",,2
"'Nội dung nào trong Hội nghị hợp nhất các tổ chức cộng sản đầu năm 1930 của Việt Nam được đánh giá là:
“được thực hiện bằng một con đường khác mà quốc tế cộng sản không lường trước được"" (văn kiện Đảng toàn tập, tập 4, trang 384).
",Multiple Choice,"'Hội nghị đã thông qua Cương lĩnh chính trị của Nguyễn Ái Quốc.","'Đông Dương Cộng sản liên đoàn được kết nạp vào Đảng.","'Thành lập Đảng Cộng sản để lãnh đạo cách mạng Việt Nam.","'Hội nghị bầu Ban chấp hành trung ương lâm thời của Đảng.",,3
"'Ba cuộc khởi nghĩa Bắc Sơn, Nam Kì, binh biến Đô Lương đã để lại bài học kinh nghiệm lớn nhất là gì?",Multiple Choice,"'Bài học kinh nghiệm về khởi nghĩa vũ trang, về xây dựng lực lượng vũ trang và chiến tranh du kích.","'Bài học về thời cơ trong khởi nghĩa giành chính quyền.","'Bài học về xây dựng lực lượng vũ trang để chuẩn bị khởi nghĩa.","'Bài học về sự phát triển chiến tranh du kích.",,2
"'Điểm giống nhau về ý nghĩa của ba sự kiện: khởi nghĩa Bắc Sơn, khởi nghĩa Nam Kì và binh biến Đô Lương là gì?",Multiple Choice,"'Các lực lượng vũ trang cách mạng ra đời và phát triển từ ba cuộc khởi nghĩa.","'Giáng đòn chí tử vào thực dân Pháp, nghiêm khắc cảnh cáo phát xít Nhật, những phát súng đầu tiên báo hiệu một cao trào cách mạng mới.","'Để lại những bài học kinh nghiệm về xây dựng lực lượng khởi nghĩa vũ trang.","'Mở ra một thời kì đấu tranh mới.",,2
"'Đề cương văn hoá Việt nam được đảng xây dựng vào năm nào?",Multiple Choice,"'1941.","'1942.","'1943.","'1944.",,3
"'Trong những hoạt động sau đây của Nguyễn Ái Quốc, hoạt động nào chuẩn bị trực tiếp điều kiện về chính trị và tư tưởng cho việc thành lập Đảng Cộng sản Việt Nam?",Multiple Choice,"'Nguyễn Ái Quốc viết báo, xuất bản sách, ra các tờ báo nhằm tuyên truyền chủ nghĩa Mác Lênin vào Việt Nam để thức tỉnh quần chúng.","'Tháng 6/1925, Nguyễn Ái Quốc thành lập Hội Việt Nam Cách mạng Thanh niên với chương trình và Điều lệ là làm cách mạng dân tộc và cách mạng thế giới.","'Từ năm 1925-1927, Nguyễn Ái Quốc mở các lớp huấn luyện chính trị nhằm đào tạo cán bộ cho cách mạng Việt Nam.","'Tập bài giảng “Đường Kách mệnh” của Nguyễn Ái Quốc ở các lớp huấn luyện chính trị đã đề cập đến những vấn đề cơ bản của một Cương lĩnh chính trị cho Đang Cộng sản Việt Nam hiện nay.",,4
"'Nét nổi bật nhất của cuộc vận động dân chủ 1936 - 1939 là gì?",Multiple Choice,"'Uy tín và ảnh hưởng của Đảng được mở rộng và ăn sâu trong quân chúng nhân dân.","'Tư tưởng và chủ trương của Đảng được phổ biến, trình độ chính trị và công tác của đảng viên được nâng cao.","'Tập hợp được một lực lượng công - nông hùng mạnh.","'Đảng đã tập hợp được một lực lượng chính trị đông đảo của quân chúng và sử dụng hình thức, phương pháp đấu tranh phong phú.",,4
"'Sự kiện đánh dấu bước ngoặt trong cuộc đời hoạt động của Nguyễn Ái Quốc là:",Multiple Choice,"'Ảnh hưởng của Cách mạng tháng Mười Nga năm 1917 đến tư tưởng cứu nước của Nguyễn Ái Quốc.","'Đưa yêu sách đến Hội nghị Véc-xai (18-6/1919).","'Đọc Luận cương của Lênin về vấn đề dân tộc và thuộc địa (tháng 7/1920).","'Bỏ phiếu tán thành việc gia nhập Quốc tế III và tham gia sáng lập Đảng Cộng sản Pháp (tháng 12/1920).",,4
"'Phong trào của vua Hàm Nghi thuộc khuynh hướng nào trong các khuynh hướng sau?",Multiple Choice,"'Phong trào yêu nước theo khuynh hướng Cần Vương.","'Phong trào yêu nước theo khuynh hướng phong kiến.","'Phong trào yêu nước theo khuynh hướng dân chủ tư sản.","'Phong trào yêu nước theo khuynh hướng vô sản.",,2
"'Thời gian diễn ra cuộc khai thác thuộc địa lần thứ hai của thực dân Pháp ở Việt Nam?",Multiple Choice,"'1897 - 1914.","'1884 - 1914.","'1858 - 1914.","'1919 - 1929.",,4
"'Trong các nhà yêu nước tiêu biểu cho phong trào yêu nước cuối thế kỷ XIX đầu thế kỷ XX được kể sau đây, ai là người tiêu biểu cho phong trào Cần Vương?",Multiple Choice,"'Hàm Nghi.","'Đề Thám.","'Phan Bội Châu.","'Phan Châu Trinh.",,1
"'Dưới chế độ thực dân phong kiến, giai cấp nông dân có yêu cầu bức thiết nhất là gì?",Multiple Choice,"'Độc lập dân tộc.","'Ruộng đất.","'Quyền bình đẳng nam nữ.","'Được giảm tô, giảm tức.",,1
"'Trong các nhà yêu nước tiêu biểu cho phong trào yêu nước cuối thế kỷ XIX đầu thế kỷ XX được kể sau đây, ai là người đứng đầu nghĩa quân Yên Thế?",Multiple Choice,"'Hàm Nghi.","'Đề Thám.","'Phan Bội Châu.","'Phan Châu Trinh.",,2
"'Phong trào do Phan Châu Trinh lãnh đạo thuộc khuynh hướng nào trong các khuynh hướng sau?",Multiple Choice,"'Phong trào yêu nước theo khuynh hướng Cần Vương.","'Phong trào yêu nước theo khuynh hướng phong kiến.","'Phong trào yêu nước theo khuynh hướng dân chủ tư sản.","'Phong trào yêu nước theo khuynh hướng vô sản.",,3
"'Hội Việt Nam cách mạng thanh niên thực hiện chủ trương “vô sản hóa” khi nào?",Multiple Choice,"'Cuối năm 1926 đầu năm 1927.","'Cuối năm 1927 đầu năm 1928.","'Cuối ăm 1928 đầu năm 1929.","'Cuối năm 1929 đầu năm 1930.",,3
"'Ban thường vụ Trung ương Đảng ra chỉ thị thành lập Hội phản đế đồng minh vào lúc nào?",Multiple Choice,"'18/11/1930.","'18/11/1931.","'18/11/1932.","'18/11/1933.",,1
"'Cao trào kháng Nhật cứu nước đã diễn ra ở vùng rừng núi và trung du Bắc kỳ với hình thức nào là chủ yếu?",Multiple Choice,"'Khởi nghĩa từng phần.","'Vũ trang tuyên truyền.","'Chiến tranh du kích cục bộ.","'Đấu tranh báo chí.",,3
"'Nguyễn Ái Quốc đọc bản “Sơ thảo luận cương về vấn đề dân tộc và thuộc địa” của Lênin khi nào và ở đâu?",Multiple Choice,"'7/1920 tại Pháp.","'7/1920 tại Quảng Châu.","'7/1920 tại Liên Xô.","'8/1920 tại Trung Quốc.",,1
"'Cao trào 1930-1931 diễn ra đỉnh cao ở địa phương nào?",Multiple Choice,"'Nghệ Tĩnh.","'Hà Nội.","'Thái Nguyên.","'Tuyên Quang.",,1
"'Nguyễn Ái Quốc gửi bản yêu sách của nhân dân An Nam tới hội nghị Véc - xây vào thời gian nào?",Multiple Choice,"'1918.","'1919.","'1920.","'1921.",,2
"'Khẩu hiệu “Đả đảo chủ nghĩa đế quốc”, “Đả đảo phong kiến”; “Thả tù chính trị” trong phong trào cách mạng 1930-1931 ở Việt Nam phản ánh:",Multiple Choice,"'Ý thức giác ngộ của lực lượng cách mạng Việt Nam.","'Đầy đủ các mục tiêu đấu tranh của cách mạng Việt Nam.","'Mục tiêu đấu tranh lớn nhất và duy nhất của cách mạng.","'Những điểm hạn chế của luận cương chính trị (10/1930).",,2
"'Sự kiện nào được đánh giá là “như chim én nhỏ báo hiệu mùa xuân”?",Multiple Choice,"'Cách mạng tháng Mười Nga bùng nổ và thắng lợi.","'Sự thành lập Đảng Cộng sản Việt Nam.","'Vụ mưu sát tên toàn quyền Méc Lanh của Phạm Hồng Thái.","'Sự thành lập hội Việt Nam Cách mạng Thanh niên.",,3
"'Tờ báo nào là cơ quan ngôn luận của Hội Việt Nam Cách mạng Thanh niên?",Multiple Choice,"'Báo Nhân đạo.","'Báo Sự thật.","'Báo Người cùng khổ.","'Báo Thanh Niên.",,4
"'Điều nào không phải chính sách của chính phủ Mặt trận nhân dân Pháp năm 1936 đối với các thuộc địa?",Multiple Choice,"'Cho phép lập Hội ái hữu.","'Giải quyết vấn đề ruộng đất cho nhân dân.","'Trả tự do cho một số tù chính trị.","'Cho phép xuất bản báo chí.",,2
"'Trong các nhà yêu nước tiêu biểu cho phong trào yêu nước cuối thế kỷ XIX đầu thế kỷ XX được kể sau đây, ai là người tiêu biểu cho xu hướng bạo động cách mạng?",Multiple Choice,"'Hàm Nghi.","'Đề Thám.","'Phan Bội Châu.","'Phan Châu Trinh.",,3
"'Theo chỉ thị của đồng chí Nguyễn Ai Quốc đội Việt Nam tuyên truyền Giải phóng quân được thành lập khi nào?",Multiple Choice,"'03/02/1930.","'07/02/1930.","'22/12/1945.","'22/12/1944.",,4
"'Đoạn trích sau trong văn bản nào:
“Trong giai đoạn này, quyền lợi của giai cấp công nhân và nhân dân lao động và của dân tộc là một. Chính vì Đảng Lao động Việt Nam là Đảng của giai cấp công nhân và nhân dân lao động, cho nên nó phải là Đảng của dân tộc Việt Nam”?
",Multiple Choice,"'Báo cáo chính trị tại Đại hội đại biểu lần thứ II (1951).","'Điều lệ mới của Đảng được Đại hội II (1951) thông qua.","'Chính cương của Đảng Lao động Việt Nam.","'Luận cương tháng 10/1930.",,1
"'Trong những ý nghĩa lịch sử của sự ra đời Đảng Cộng sản Việt Nam, ý nghĩa nào sau đây thể hiện Nguyễn Ái Quốc đã vận dụng và phát triển sáng tạo học thuyết Mác Lênin về Đảng Cộng sản?",Multiple Choice,"'Nó chứng tỏ rằng giai cấp vô sản đã trưởng thành và đủ sức lãnh đạo cách mạng.","'Nó là kết quả tất yếu của cuộc đấu tranh dân tộc và đấu tranh giai cấp ở Việt Nam.","'Đảng Cộng sản Việt Nam thành lập vào đầu năm 1930 là sản phẩm của sự kết hợp chủ nghĩa Mác Lênin với phong trào công nhân và phong trào yêu nước của nhân dân Việt Nam.","'Giải quyết được tình trạng khủng hoảng về đường lối cách mạng, về giai cấp lãnh đạp cách mạng Việt Nam ở đầu thế kỷ XX.",,3
"'Ba tư tưởng sau đây được trình bày trong tác phẩm nào của Nguyễn Ái Quốc?
- Cách mạng là sự nghiệp của quân chúng.
- Cách mạng phải do đảng theo chủ nghĩa Mác - Lênin lãnh đạo.
- Cách mạng Việt Nam phải gắn bó và đoàn kết với cách mạng thế giới.
",Multiple Choice,"'Tạp chí “Thư tín quốc tế”.","'“Bản án chế độ thực dân Pháp”.","'“Đường kách mệnh”.","'"Yêu sách của nhân dân An Nam".",,3
"'Hội nghị Ban chấp hành Trung ương Đảng Cộng sản Đông Dương lần thứ 8 đề ra khẩu hiệu gì?",Multiple Choice,"'“Tịch thu ruộng đất của đế quốc và Việt gian chia cho dân cày nghèo”.","'“Người cày có ruộng”.","'“Giảm tô, giảm tức”.","'“Đánh đổ địa chủ chia ruộng đất cho dân cày”.",,1
"'Trong những điểm sau đây nói về “hoàn cảnh quốc tế cuối thế kỷ XIX đầu thế kỷ XX đã tác động đến sự ra đời của Đảng Cộng sản Việt Nam”, điểm tác động nào nói đến hậu quả của chủ nghĩa tư bản?",Multiple Choice,"'Mâu thuẫn giữa dân tộc thuộc địa với chủ nghĩa đế quốc.","'Chủ nghĩa Mác Lenin đã lay chuyển lôi cuốn quần chúng nhân dân và những phần tử ưu tú tích cực ở các nước thuộc địa vào phong trào cộng sản.","'Cách mạng Tháng Mười Nga như một trong các động lực thúc đẩy sự ra đời của nhiều Đảng Cộng sản.","'Cách mạng Việt Nam lâm vào tình trạng khủng hoảng sâu sắc về đường lối, về giai cấp lãnh đạo.",,1
"'Hội nghị lần 6 (tháng 11 - 1939) của Ban chấp hành Trung ương Đảng đã xác định nhiệm vụ của cách mạng Đông Dương lúc này là gì?",Multiple Choice,"'Đặt nhiệm vụ giải phóng dân tộc và giải phóng giai cấp lên hàng đầu.","'Chống chủ nghĩa phát xít và chống chiến tranh.","'Đặt nhiệm vụ giải phóng dân tộc lên hàng đầu và cấp bách.","'Tất cả các nhiệm vụ trên.",,3
"'Quốc dân Đại hội Tân trào tháng 8-1945 đã KHÔNG quyết định những nội dung nào dưới đây:",Multiple Choice,"'Quyết định Tổng khởi nghĩa.","'10 Chính sách của Việt Minh.","'Quyết định thành lập Uỷ ban giải phóng ở Hà Nội. Các bài giảng của Nguyễn Ái Quốc ở Hội Việt Nam Cách mạng Thanh niên được tập hợp xuất bản thành cuốn sách nào?","'Quyết định thành lập Uỷ ban giải phóng dân tộc, quy định Quốc kỳ, Quốc ca.",,3
"'Hội nghị thành lập Đảng Cộng sản Việt Nam diễn ra vào thời gian nào?",Multiple Choice,"'Từ 06/01/1930 đến 07/02/1930.","'Từ 03/02/1930 đến 07/02/1930.","'Từ 03/02/1930 đến 24/02/1930.","'Từ 07/02/1930 đến 24/02/1930.",,1
"'Trong những điểm sau đây nói về chính sách cai trị của thực dân Pháp, điểm nào thuộc về chính sách cai trị về chính trị?",Multiple Choice,"'Chia Việt Nam ra thành ba xứ để cai trị: Bắc Kỳ, Trung Kỳ, Nam Kỳ.","'Chính sách khai thác thuộc địa.","'Thực hiện chính sách dung túng, duy trì các hủ tục lạc hậu trong nhân dân ta.","'Thực hiện khẩu hiệu: Tự do, bình đẳng, bác ái ở nước ta.",,1
"'Hội nghị toàn quốc của Đảng Cộng sản Đông Dương họp ở Tân Trào trong thời gian nào?",Multiple Choice,"'15-19/8/1941.","'14-15/8/1945.","'15-19/8/1945.","'16-18/8/1945.",,2
"'Từ năm 1936, những chính sách tích cực của chính phủ mặt trận nhân Pháp ở Đông Dương là:",Multiple Choice,"'cơ sở để xây dựng mặt trận thống nhất thời kỳ 1936-1939","'cở sở để Đảng đề ra hình thức đấu tranh trong thời kỳ 1936-1939","'nguyên nhân sâu xa bùng nổ phong trào dân chủ 1936-1939","'nhân tố quyết định thắng lợi của phong trào dân chủ 1936-1939",,2
"'Vì sao cuối năm 1928 đầu năm 1929, những người cộng sản Việt Nam thấy cần thiết phải thành lập một Đảng Cộng sản để lãnh đạo phong trào đấu tranh giành độc lập, tự do cho dân tộc?",Multiple Choice,"'Do phong trào dân tộc dân chủ ở nước ta phát triển mạnh.","'Do phong trào dân tộc và dân chủ, đặc biệt là phong trào công nông theo con đường cách mạng vô sản phát triển mạnh.","'Trước sự thất bại của cuộc khởi nghĩa Yên Bái, Việt Nam Quốc dân đảng tan rã.","'Sự phát triển mạnh của hai tổ chức Thanh niên và Tân Việt.",,2
"'Nhận xét nào sau đây là đúng về các mặt trận dân tộc thống nhất ở Việt Nam trong những năm 1930 - 1945?",Multiple Choice,"'Nền tảng của mặt trận là công nhân và nông dân.","'Đảm nhận chức năng của chính quyền cách mạng.","'Tập dượt các hình thức đấu tranh mới.","'Đảm nhận chức năng của tổ chức văn hoá xã hội.",,1
"'Trong những điểm sau đây nói về chính sách thống trị của thực dân Pháp đã tác động mạnh mẽ tới xã hội Việt Nam, điểm nào nói về phân hoá giai cấp ở nước ta?",Multiple Choice,"'Cho ra đời giai cấp mới là công nhân và tư sản Việt Nam.","'Làm cho xã hội Việt Nam phong kiến trở thành xã hội thuộc đại nửa phong kiến.","'Nảy sinh mâu thuẫn cơ bản trong đời sống xã hội Việt Nam là mâu thuẫn giữa toàn thể dân tộc Việt Nam với thực dân Pháp xâm lược.","'Chống đế quốc, giải phóng dân tộc là nhiệm vụ hang đầu.",,1
"'Đoạn văn sau đây được Nguyễn Ái Quốc trình bày lúc nào:
“Nếu không giải quyết được vấn đề dân tộc giải phóng, không đòi được độc lập tự do cho toàn thể dân tộc, thì chẳng những toàn thể quốc gia dân tộc còn chịu mãi kiếp ngựa trâu, mà quyền lợi của bộ phận giai cấp đến vạn năm sau cũng không đòi được”?
",Multiple Choice,"'Trong Hội nghị Trung ương Đảng lần 6 (tháng 11/1939).","'Trong Hội nghị Trung ương Đảng lần 8 (tháng 5/1941).","'Trong thư gửi đồng bào toàn quốc sau Hội nghị Trung ương lần 8.","'Trong lời kêu gọi toàn quốc kháng chiến.",,2
"'Mặt trận dân chủ Đông dương chính thức thành lập vào năm nào?",Multiple Choice,"'1936.","'1937.","'1938.","'1939.",,3
"'Trong những điểm sau đây nói về chính sách thống trị của thực dân Pháp đã tác động mạnh mẽ tới xã hội Việt Nam điểm nào SAI?",Multiple Choice,"'Cho ra đời hai giai cấp mới là công nhân và tư sản Việt Nam.","'Làm cho xã hội Việt Nam phong kiến trở thành xã hội thuộc địa nửa phong kiến.","'Nảy sinh mâu thuẫn cơ bản trong đời sống xã hội Việt Nam là mâu thuẫn giữa toàn thể dân tộc Việt Nam với thực dân Pháp xâm lược.","'Chống đế quốc, giải phóng dân tộc là nhiệm vụ hàng đầu.",,4
"'Trước chiến tranh thế giới thứ nhất, ở Việt Nam có những giai cấp nào?",Multiple Choice,"'Địa chủ phong kiến và nông dân.","'Địa chủ phong kiến, nông dân và công nhân.","'Địa chủ phong kiến, nông dân, tư sản, tiểu tư sản và công nhân.","'Địa chủ phong kiến, nông dân và tiểu tư sản.",,3
"'Tổ chức cộng sản nào ra đời đầu tiên ở Việt Nam?",Multiple Choice,"'Hội Việt Nam cách mạng thanh niên.","'Đông Dương cộng sản Đảng.","'An Nam cộng sản Đảng.","'Đông Dương cộng sản liên đoàn.",,2
"'Tác phẩm ‘Tự chỉ trích’ của đồng chí Nguyễn Văn Cừ được phát hành vào thời gian nào?",Multiple Choice,"'20/5/1939.","'20/6/1939.","'20/7/1939.","'14/8/1945.",,3
"'Sự kiện trực tiếp nào đưa đến quyết định toàn quốc kháng chiến của Đảng và Chính phủ?",Multiple Choice,"'Hội nghị Phôngtennơblô giữa chính phủ ta và chính phủ Pháp đã thất bại.","'Ngày 18/12 thực dân Pháp đưa liên tiếp ba tối hậu thư cho chính phủ ta.","'Thực dân Pháp liên tiếp tấn công ta ở Nam Bộ và Nam Trung Bộ.","'Thực dân Pháp đã chiếm đóng được nhiều nơi ở Hải Phòng và Lạng Sơn.",,2
"'Tổ chức chính trị được ra đời từ trong phong trào Đồng Khởi là:",Multiple Choice,"'Chính phủ cách mạng lâm thời cộng hòa Miền Nam Việt Nam.","'Mặt trận Việt Nam độc lập đồng minh.","'Mặt trận thống nhất dân tộc phản đế Đông Dương.","'Mặt trận dân tộc giải phóng Miền nam Việt Nam.",,4
"'Để khắc phục tình trạng khó khăn về tài chính sau Cách mạng tháng Tám, Đảng, Chính phủ đã có chủ trương trước mắt nào sau đây?",Multiple Choice,"'“Tăng gia sản xuất”.","'“Ngày đồng tâm”.","'“Không một tấc đất bỏ hoang”.","'“Quỹ độc lập”.",,4
"'Chỉ thị “Kháng chiến kiến quốc” (25/11/1945) của Ban Chấp hành Trung ương Đảng xác định kẻ thù chính của ta lúc này là?",Multiple Choice,"'Phát xít Nhật.","'Thực dân Pháp","'Thực dân Anh.","'Trung Hoa Dân quốc.",,2
"'Quyết định cơ bản của Hội nghị Ban chấp hành Trung ương lần thứ 15 (1-1959) là gì?",Multiple Choice,"'Giành chính quyền bằng con đường đấu tranh hòa bình.","'Sử dụng bạo lực cách mạng để đánh đổ chính quyền Mĩ- Diệm.","'Dùng đấu tranh ngoại giao để đánh đổ ách thống trị Mĩ - Diệm.","'Nhờ sự giúp đỡ của các nước ngoài để đánh Mĩ- Diệm.",,2
"'Đại hội đại biểu toàn quốc lần thứ III (9/1960) xác định “tiền tuyến lớn” trong cuộc kháng chiến chống Mĩ xâm lược là:",Multiple Choice,"'Miền Bắc.","'Miền Trung.","'Miền Tây.","'Miền Nam.",,4
"'Nhiệm vụ của Cách mạng miền Nam Việt Nam sau 1954 là:",Multiple Choice,"'Hàn gắn vết thương chiến tranh, khôi phục và phát triển kinh tế.","'Tiến hành đấu tranh vũ trang để đánh bại chiến tranh xâm lược của Mĩ, Diệm.","'Chống lại sự bắn phá và ném bom ác liệt của chính quyền Mĩ- Diệm.","'Tiếp tục cuộc cách mạng dân tộc dân chủ nhân dân, thực hiện thống nhất nước nhà.",,4
"'Quân và dân ta thực hiện được khẩu hiệu “đánh cho Mĩ cút” thông qua thắng lợi nào dưới đây?",Multiple Choice,"'Trận Điện Biên Phủ trên không năm 1972.","'Hiệp định Pari về Việt Nam năm 1973.","'Cuộc Tiến công chiến lược năm 1972.","'Tổng tiến công và nổi dậy xuân 1975.",,2
"'Hai nhiệm vụ chiến lược của Đảng để giữ vững thành quả cách mạng 1945 là gì?",Multiple Choice,"'Thực hiện nền giáo dục mới và giải quyết nạn đói.","'Thành lập chính phủ chính thức và thông qua hiến pháp mới.","'Củng cố, bảo vệ chính quyền cách mạng và ra sức xây dựng chế độ mới.","'Quyết tâm kháng chiến chống Pháp xâm lược và trừng trị bọn nội phản.",,3
"'Vị trí của cách mạng miền Bắc được xác định trong Đại hội đại biểu toàn quốc lần thứ III (9/1960) là:",Multiple Choice,"'Là tiền tuyến có vai trò quyết định nhất đối với sự nghiệp thống nhất nước nhà.","'Là tiền tuyến có vai trò quyết định nhất đối với sự nghiệp giải phóng miền Nam.","'Là hậu phương có vai trò quyết định trực tiếp đối với sự nghiệp giải phóng miền Nam.","'Là hậu phương có vai trò quyết định nhất đối với sự nghiệp cách mạng cả nước.",,4
"'Đảng ta đã phát động cuộc kháng chiến toàn quốc chống thực dân Pháp xuất phát từ lí do chủ yếu nào?",Multiple Choice,"'Chúng ta muốn hòa bình xây dựng đất nước.","'Pháp không thực hiện Hiệp định sơ bộ 06-3-1946 và Tạm ước 14-9-1946.","'Nền độc lập chủ quyền nước ta bị đe dọa nghiêm trọng.","'Thực dân Pháp khiêu khích tấn công ta ở Hà Nội.",,3
"'Tháng 9/1953, Bộ Chính trị Trung ương Đảng đề ra chủ trương tập trung lực lượng mở những cuộc tiến công vào những hướng quan trọng về chiến lược mà địch tương đối yếu nhằm:",Multiple Choice,"'Giải phóng vùng Tây Bắc, tạo điều kiện giải phóng Bắc Lào.","'Làm thất bại kế hoạch tập trung binh lực của thực dân Pháp.","'Tiêu diệt toàn bộ quân sự của thực dân Pháp ở Tây Bắc.","'Buộc thực dân Pháp phải đàm phán để kết thúc chiến tranh.",,2
"'Chính sách nhân nhượng quân Trung Hoa Dân quốc của Chính phủ Việt Nam Dân chủ Cộng hòa có tác dụng như thế nào đối với công cuộc chống thù trong giặc ngoài sau Cách mạng tháng Tám năm 1945?",Multiple Choice,"'Khiến quân Trung Hoa Dân quốc không có thời gian cấu kết với Pháp.","'Để ta tập trung đối phó với cuộc xâm lược của Pháp ở Nam Bộ.","'Tạo điều kiện để các nước Đồng minh vào giúp nhân dân ta.","'Khiến quân Trung Hoa Dân quốc phải rút về nước.",,2
"'Sách lược đấu tranh chống ngoại xâm của ta trong năm đầu sau Cách mạng tháng Tám chứng tỏ:",Multiple Choice,"'Phát huy thuận lợi, khắc phục khó khăn, xây dựng bảo vệ chính quyền cách mạng.","'Đường lối sáng suốt, cứng rắn về nguyên tắc, mềm dẻo về sách lược của Đảng.","'Truyền thống yêu nước, tinh thần đấu tranh bảo vệ tổ quốc của nhân dân ta.","'Đập tan âm mưu xâm lược nước ta lần thứ hai của thực dân Pháp.",,2
"'Đặc điểm lớn nhất, độc đáo nhất của cách mạng Việt Nam thời kì 1954-1975 là:",Multiple Choice,"'Đảng lãnh đạo nhân dân hoàn thành cuộc cách mạng dân chủ nhân dân trong cả nước.","'Một Đảng lãnh đạo nhân dân tiến hành đồng thời hai chiến lược cách mạng ở hai miền Nam- Bắc.","'Đảng lãnh đạo nhân dân hoàn thành cách mạng dân chủ và xã hội chủ nghĩa trong cả nước.","'Đảng lãnh đạo cả nước đi lên xây dựng chủ nghĩa xã hội, tiến hành công nghiệp hóa đất nước.",,2
"'Chính phủ và Chủ tịch Hồ Chí Minh kêu gọi đồng bào thực hiện “Tuần lễ vàng”, “Quỹ độc lập” nhằm mục đích gì?",Multiple Choice,"'Giải quyết khó khăn về tài chính.","'Hỗ trợ giải quyết nạn đói.","'Xây dựng chính quyền cách mạng.","'Giải quyết nạn mù chữ.",,1
"'Văn kiện nào sau đây có ý nghĩa to lớn như lời hịch cứu quốc, như mệnh lệnh chiến đấu của nhân dân ta trong cuộc kháng chiến chống thực dân Pháp?",Multiple Choice,"'“Cương lĩnh chính trị” đầu tiên của Đảng Cộng sản Việt Nam.","'“Lời kêu gọi toàn quốc kháng chiến” của Chủ tịch Hồ Chí Minh.","'“Luận cương chính trị” của Đảng Cộng sản Việt Nam.","'“Tuyên ngôn độc lập” của Chủ tịch Hồ Chí Minh.",,2
"'Trên cơ sở phân tích tình hình Điện Biên Phủ, Trung ương Đảng quyết định mở Chiến dịch Điện Biên Phủ, biến Điện Biên Phủ thành điểm:",Multiple Choice,"'Quyết chiến chiến lược giữa ta và địch.","'Giao chiến đầu tiên giữa ta và Pháp.","'Tấn công tiêu diệt toàn bộ quân Pháp.","'Chiến đấu một mất, một còn giữa ta và Pháp.",,1
"'Hội nghị lần thứ 15 Ban Chấp hành Trung ương Đảng Lao động Việt Nam (1- 1959) quyết định để nhân dân miền Nam sử dụng bạo lực cách mạng là vì:",Multiple Choice,"'Lực lượng vũ trang cách mạng miền Nam đã phát triển.","'Miền Nam đã có lực lượng chính trị và lực lượng vũ trang lớn mạnh.","'Mĩ và chính quyền Sài Gòn phá hoại Hiệp định Giơnevơ.","'Ta không thể tiếp tục sử dụng biện pháp hoà bình được nữa.",,4
"'Đảng và Chính phủ quyết định kêu gọi toàn dân kháng chiến chống thực dân Pháp vào 12/1946 vì:",Multiple Choice,"'lợi dụng thời điểm Pháp đang trên đà thất bại, ta đánh đuổi Pháp về nước.","'tiềm lực cho cuộc kháng chiến lâu dài của ta đã chuẩn bị đầy đủ.","'nhờ có sự ủng hộ to lớn của Liên Xô và Trung Quốc giúp ta đánh Pháp.","'không thể tiếp tục nhân nhượng trước những hành động xâm lược của Pháp.",,4
"'“…Chúng ta muốn hòa bình, chúng ta phải nhân nhượng. Nhưng chúng ta càng nhân nhượng, thực dân Pháp càng lấn tới, vì chúng quyết tâm cướp nước ta lần nữa…”. Đoạn trích trong “Lời kêu gọi toàn quốc kháng chiến” của Chủ tịch Hồ Chí Minh đã phản ánh:",Multiple Choice,"'Thiện chí hòa bình của Đảng, Chính phủ, nhân dân Việt Nam.","'Tội ác của thực dân Pháp.","'Quyết tâm chống Pháp của dân tộc Việt Nam.","'Quyết tâm xâm lược của thực dân Pháp.",,4
"'Sự kiện nào sau đây khiến Đảng ta thay đổi chiến lược từ hoà hoãn với Tưởng để chống Pháp sang hòa hoãn với Pháp để đuổi Tưởng?",Multiple Choice,"'Hiệp ước Hoa - Pháp được kí kết (28-02-1946).","'Tạm ước Việt - Pháp được kí kết (14-9-1946).","'Thực dân Pháp nổ súng xâm lược nước ta lần thứ hai (23/9/1945).","'Hiệp định Sơ bộ Việt - Pháp được kí kết (6-3-1946).",,1
"'Tác dụng của việc nhân nhượng với Trung Hoa Dân quốc ở miền Bắc nước ta?",Multiple Choice,"'Từng bước loại dần từng kẻ thù trên đất nước Việt Nam.","'Tạo điều kiện cho ta tập trung đối phó với cuộc xâm lược của Pháp ở Nam Bộ.","'Làm thất bại âm mưu tiêu diệt chính quyền cách mạng Việt Nam của chúng.","'Hạn chế đến mức thấp nhất những hoạt động chống phá của Trung Hoa Dân quốc.",,4
"'Vì sao Bộ Chính trị Trung ương Đảng lựa chọn Tây Nguyên là hướng tiến công chiến lược đầu tiên trong cuộc Tổng tiến công và nổi dậy Xuân 1975?",Multiple Choice,"'Tây Nguyên là địa bàn chiến lược quan trọng, nhưng lực lượng địch mỏng bố trí sơ hở.","'Chiếm được Tây Nguyên sẽ cắt đôi chiến trường miền Nam.","'Tây Nguyên có vị trí chiến lược quan trọng, địch tập trung lực lượng dày đặc.","'Tây Nguyên là căn cứ liên hợp quân sự mạnh nhất của Mĩ - Ngụy ở miền Nam.",,1
"'Nguyên tắc quan trọng nhất của Đảng, Chính phủ và nhân dân Việt Nam trong việc kí Hiệp định Sơ bộ (06/3/1946) và Hiệp định Giơnevơ (21/7/1954) là:",Multiple Choice,"'Phân hóa và cô lập cao độ kẻ thù.","'Giữ vững vai trò lãnh đạo của Đảng.","'Đảm bảo giành thắng lợi từng bước.","'Không vi phạm chủ quyền dân tộc.",,4
"'Hội nghị Bộ chính trị Trung ương Đảng (9-1953) đề ra kế hoạch Đông - Xuân (1953-1954) với quyết tâm giữ vững quyền chủ động đánh địch trên cả hai mặt trận nào?",Multiple Choice,"'Chính trị và quân sự.","'Quân sự và ngoại giao.","'Chính trị và ngoại giao.","'Chính diện và sau lưng địch.",,4
"'Cuối năm 1974 đầu năm 1975, Bộ Chính trị Trung ương Đảng đề ra chủ trương, kế hoạch giải phóng miền Nam Việt Nam dựa trên cơ sở quan trọng nào?",Multiple Choice,"'Mĩ đã ngừng viện trợ cho chính quyền và quân đội Sài Gòn.","'Ý chí quyết tâm thống nhất đất nước của nhân dân hai miền.","'Quân đội Sài Gòn không đề ra các biện pháp kháng cự.","'Mĩ đã rút toàn bộ lực lượng quân sự ra khỏi miền Nam.",,2
"'Công cụ xây dựng và bảo vệ đất nước Việt Nam Dân chủ Cộng hòa sau năm 1945 là:",Multiple Choice,"'Một bộ máy chính quyền nhà nước dần được hoàn thiện.","'Một mặt trận dân tộc thông nhất phát triển rộng khắp.","'Một nền kinh tế- tài chính từng bước vững mạnh.","'Một chính sách ngoại giao mềm dẻo, khôn khéo.",,1
"'Đọc đoạn trích và trả lời câu hỏi: Ngày 01/4/1975, Bộ Chính trị nhận định: Cách mạng nước ta đang phát triển với nhịp độ “một ngày bằng hai mươi năm”.
Do vậy, Bộ Chính trị quyết định: ""chúng ta phải nắm vững thời cơ chiến lược, quyết tâm thực hiện tổng tiến công và nổi dậy, kết thúc thắng lợi chiến tranh giải phóng trong thời gian ngắn nhất. Tốt hơn cả là bắt đầu và kết thúc trong tháng 4 năm nay, không để chậm” (Đảng Cộng sản Việt Nam, Văn kiện Đảng Toàn tập, Tập 36, Nxb Chính trị Quốc gia, Hà Nội, 2004, tr.95).
Nội dung đoạn trích trên phản ánh chủ trương nào của Bộ Chính trị Trung ương Đảng Cộng sản Việt Nam?
",Multiple Choice,"'Quyết định chuyển hướng chỉ đạo chiến lược của Đảng.","'Sự thay đổi phương châm tác chiến trên chiến trường.","'Sự điều chỉnh thời gian giải phóng hoàn toàn miền Nam.","'Sự nắm bắt thời cơ khách quan thuận lợi cho tiến công.",,3
"'Lời kêu gọi toàn quốc kháng chiến của chủ tịch Hồ Chí Minh (19/12/1946) đã?",Multiple Choice,"'Đáp ứng đòi hỏi khách quan của lịch sử và nguyện vọng của nhân dân.","'Đưa cách mạng Việt Nam bước vào giai đoạn vừa đánh vừa đàm với Pháp.","'Làm thất bại âm mưu đánh nhanh thắng nhanh của thực dân Pháp.","'Hoàn chỉnh những nội dung của đường lối kháng chiến chống Pháp.",,1
"'Bài học cơ bản cho cách mạng Việt Nam được rút ra từ việc tổ chức thành công Đại hội đại biểu toàn quốc lần thứ III của Đảng Lao động Việt Nam (9/1960) là gì?",Multiple Choice,"'Chỉ đạo đạo cách mạng cho cả hai miền Bắc - Nam.","'Chỉ đạo sâu sát, quyết liệt cho cách mạng miền Nam.","'Mềm dẻo linh hoạt trong thực hiện lãnh đạo, chỉ đạo cách mạng.","'Tập trung xây dựng chủ nghĩa xã hội ở miền Bắc.",,3
"'Nội dung của đường lối kháng chiến chống thực dân Pháp của ta KHÔNG được thể hiện trong văn kiện nào sau đây?",Multiple Choice,"'Bản chỉ thị toàn dân kháng chiến của ban thường vụ trung ương Đảng.","'Lời kêu gọi toàn quốc kháng chiến của chủ tịch Hồ Chí Minh.","'Tác phẩm kháng chiến nhất định thắng lợi của Tổng bí thư Trường Chinh.","'Chỉ thị phải “phá tan cuộc tấn công mùa đông của giặc Pháp”.",,4
"'Bộ Chính trị Trung ương Đảng đã lựa chọn địa bàn nào là hướng tiến công chủ yếu trong năm 1975?",Multiple Choice,"'Tây Nguyên.","'Huế.","'Phước Long.","'Đà Nẵng.",,1
"'Biện pháp của Đảng để đối phó với quân Trung Hoa Dân Quốc và bọn phản cách mạng ở miền Bắc là nhân nhượng cho chúng một số yêu sách về:",Multiple Choice,"'Chính trị, quân sự.","'Kinh tế, chính trị.","'Kinh tế, quân sự.","'Kinh tế, văn hóa.",,2
"'Kịp thời chuyển hướng phương châm tác chiến từ “đánh nhanh, thắng nhanh” sang “đánh chắc, tiến chắc”, “đánh chắc thắng” là chủ trương của ta trong chiến dịch:",Multiple Choice,"'Điện Biên Phủ năm 1954.","'Hồ Chí Minh năm 1975.","'Biên giới thu đông 1950.","'Việt Bắc thu đông 1947.",,1
"'Nội dung nào sau đây KHÔNG phải là chủ trương của Đảng ta trong chiến dịch Biên giới thu đông năm 1950?",Multiple Choice,"'Mở rộng và củng cố căn cứ địa Việt Bắc.","'Phải phá tan cuộc tấn công mùa đông của giặc Pháp.","'Khai thông con đường sang Trung Quốc và thế giới.","'Nhằm tiêu diệt một bộ phận sinh lực địch.",,2
"'Bộ Chính trị Trung ương Đảng đề ra kế hoạch giải phóng hoàn toàn miền Nam trong điều kiện lịch sử:",Multiple Choice,"'Tình hình so sánh lực lượng ở miền Nam thay đổi mau lẹ có lợi cho cách mạng.","'Tình hình so sánh lực lượng ở miền Nam phần nào có lợi cho cách mạng nước ta.","'Chính quyền và quân đội Sài Gòn bắt đầu khủng hoảng và suy yếu.","'Quân Mỹ và quân đội Sài Gòn bắt đầu suy yếu.",,1
"'Để bồi dưỡng sức dân, đặc biệt là nông dân, năm 1953, Đảng và Chính phủ đã:",Multiple Choice,"'Mở cuộc vận động lao động sản xuất và thực hành tiết kiệm.","'Tiếp tục tiến hành cải cách giáo dục trên quy mô cả nước.","'Phát động triệt để giảm tô và cải cách ruộng đất.","'Phát động phong trào «kháng chiến hóa văn hóa».",,3
"'Đại hội nào dưới đây của Đảng được xem là “Đại hội kháng chiến thắng lợi”?",Multiple Choice,"'Đại hội đại biểu toàn quốc lần thứ II (02-1951).","'Đại hội đại biểu toàn quốc lần thứ IV (12-1976).","'Đại hội đại biểu toàn quốc lần thứ III (9-1960).","'Đại hội đại biểu toàn quốc lần thứ I (3-1935).",,1
"'Khẩu hiệu mà ta nêu ra trong Chiến dịch Điện Biên Phủ là:",Multiple Choice,"'“Thà hy sinh tất cả để đánh thắng địch ở Điện Biên Phủ”.","'“Tất cả để đánh thắng địch ở Điện Biên Phủ”.","'“Tất cả cho chiến dịch được toàn thắng”.","'“Tất cả cho tiền tuyến, tất cả để chiến thắng!”.",,4
"'Trước cuộc tấn công mùa đông của giặc Pháp 1947, Đảng ta quyết tâm bảo vệ căn cứ địa Việt Bắc vì:",Multiple Choice,"'Việt Bắc là trung tâm của thủ đô Hà Nội.","'Việt Bắc tập trung các cơ quan đầu não của ta.","'Việt Bắc là chiến trường chính giữa ta và Pháp.","'Việt Bắc là căn cứ địa của ba nước Đông Dương.",,2
"'Sự kiện nào dưới đây chứng tỏ nhân dân Việt Nam đã được thực hiện quyền công dân sau Cách mạng tháng Tám?",Multiple Choice,"'Tổng tuyển cử bầu Quốc hội trong cả nước (1/1946).","'Phát hành tiền Việt Nam (11/1946).","'Kì họp đầu tiên Quốc hội khóa I (3/1946).","'Nha Bình dân học vụ được thành lập (8/9/1945).",,1
"'Quyền dân tộc cơ bản mà nhân dân Việt Nam được ghi nhận trong nội dung Hiệp định Giơ-ne-vơ năm 1954 về Đông Dương là:",Multiple Choice,"'Quyền tự chủ, dân tộc tự quyết, toàn vẹn lãnh thổ.","'Độc lập, chủ quyền, không can thiệp vào công việc nội bộ.","'Độc lập, chủ quyền, thống nhất và toàn vẹn lãnh thổ.","'Độc lập, thống nhất, quyền tự quyết và quyền bình đẳng.",,3
"'Chiến dịch nào dưới đây thể hiện cách đánh diệt viện của ta?",Multiple Choice,"'Chiến dịch hòa bình.","'Chiến dịch Tây Bắc.","'Chiến dịch Biên giới thu - đông 1950.","'Chiến dịch Việt Bắc thu đông 1947.",,3
"'Phương hướng cách mạng miền Nam trong chiến đấu trong chiến lược “chiến tranh đặc biệt” được Đảng xác định như thế nào?",Multiple Choice,"'Tổng tiến công quân sự kết hợp với đấu tranh ngoại giao.","'Sử dụng bạo lực cách mạng, tổng khởi nghĩa giành chính quyền.","'Tiến hành chiến tranh bằng hình thức tiến công và nổi dậy.","'Kết hợp chặt chẽ lực lượng chính trị và lực lượng vũ trang.",,4
"'Trong cuộc kháng chiến chống Pháp (1945-1954), Đảng Cộng sản Đông Dương đề ra đường lối kháng chiến tự lực cánh sinh đã chứng tỏ điều gì?",Multiple Choice,"'Sự giúp đỡ của các nước không phù hợp với Việt Nam.","'Yếu tố khách quan không có vai trò trong cách mạng.","'Độc lập dân tộc phải do chính mình giành và giữ lấy.","'Việt Nam không cần dựa vào sự giúp đỡ của quốc tế.",,3
"'Phương châm chiến lược trong hai cuộc kháng chiến chống Pháp và chống Mĩ xâm lược (1945-1975) của nhân dân Việt Nam có điểm chung nào?",Multiple Choice,"'Giữ vững tư tưởng tích cực tiến công.","'Hiệp đồng binh chủng trong mỗi trận đánh.","'Dựa vào chiến tranh du kích là chính.","'Dùng lực lượng mạnh áp đảo kẻ thù.",,1
"'Hội nghị lần thứ 15 Ban chấp hành Trung ương Đảng (01/1959) đã để lại bài học kinh nghiệm nào cho Đảng trong quá trình lãnh đạo cách mạng Việt Nam?",Multiple Choice,"'Sử dụng bạo lực cách mạng giành chính quyền về tay nhân dân.","'Sử dụng con đường đấu tranh chính trị kết hợp đấu tranh vũ trang.","'Sử dụng con đường đấu tranh ngoại giao giành chính quyền.","'Sử dụng con đường đấu tranh vũ trang giành chính quyền.",,1
"'Ngày 8/9/1945, Chủ tịch Hồ Chí Minh kí sắc lệnh gì dưới đây?",Multiple Choice,"'Thành lập Nha Bình dân học vụ.","'Thành lập Nha Cảnh sát quốc gia.","'Thành lập Nha An ninh - quân đội.","'Thành lập quân đội quốc gia Việt Nam.",,1
"'Trong cuộc kháng chiến chống Mĩ, cứu nước (1954-1975) địa bàn Tây Nguyên là nơi được Đảng Lao động Việt Nam chọn để mở đầu cho sự kiện trọng đại nào?",Multiple Choice,"'Tổng tiến công và nổi dậy Xuân Mậu Thân 1968.","'Cuộc tiến công chiến lược năm 1972.","'Tổng tiến công và nổi dậy Xuân 1975.","'Trận “Điện Biên Phủ trên không” năm 1972.",,3
"'Thời cơ chiến lược đã đến, ta có điều kiện hoàn thành sớm quyết tâm giải phóng miền Nam… Đó là Nghị quyết nào của Đảng ta?",Multiple Choice,"'Hội nghị Bộ Chính trị họp từ 30-9 đến 07-10-1974.","'Nghị quyết của Bộ Chính trị ngày 25-3-1975.","'Hội nghị Bộ Chính trị mở rộng họp từ 18-12-1974 đến 08-01-1975.","'Hội nghị lần thứ 21 của Trung ương Đảng vào tháng 7-1973.",,2
"'Nguyên nhân quan trọng nhất khiến Đảng ta chủ trương khi tạm thời hòa hoãn với Tưởng để chống Pháp, khi hoà hoãn với Pháp để đuổi Tưởng là:",Multiple Choice,"'Chính quyền của ta còn non trẻ, không thể cùng một lúc chống hai kẻ thù.","'Quân Trung Hoa Dân quốc dùng bọn tay sai phá ta từ bên trong.","'Thực dân Pháp được sự giúp đỡ, hậu thuẫn của thực dân Anh.","'Quân Trung Hoa Dân quốc có nhiều âm mưu chống phá cách mạng.",,1
"'Trong những năm 1945 -1946, chính phủ Việt Nam dân chủ Cộng hòa chủ trương hòa hoãn với quân Trung Hoa Dân quốc và thực dân Pháp dựa trên nguyên tắc nào?",Multiple Choice,"'Tuân thủ luật pháp quốc tế.","'Duy trì sự lãnh đạo của Đảng.","'Giữ vững độc lập dân tộc.","'Giải quyết tranh chấp bằng hòa bình.",,3
"'Một trong những nhiệm vụ xuyên suốt của cách mạng miền Bắc từ năm 1960 đến năm 1975 là:",Multiple Choice,"'Thực hiện cải cách ruộng đất qui mô lớn.","'Chống chiến tranh phá hoại của đế quốc Mĩ.","'Tiến hành công nghiệp hóa xã hội chủ nghĩa.","'Xóa bỏ giai cấp địa chủ phong kiến ở miền Bắc.",,3
"'Đọc đoạn tư liệu và trả lời câu hỏi: “Muốn củng cố nền tự do, độc lập, chúng ta cần sức hy sinh phấn đấu của toàn quốc đồng bào; nhưng chúng ta cũng rất cần sự quyên giúp của nhân dân, nhất là những nhà giầu có. Ý nghĩa của Tuần lễ vàng là ở đó” (Hồ Chí Minh toàn tập, tập 4, trang 16).
Việc tổ chức thành công Tuần lễ vàng năm 1945 ở Việt Nam đã chứng tỏ điều gì?
",Multiple Choice,"'Sự sáng tạo của Đảng và Chính phủ trong việc huy động quần chung tham gia việc nước.","'Xây dụng nền tài chính độc lập là nhiệm vụ đầu tiên và quan trọng nhất của cách mạng.","'Việt Nam đã có đủ tiềm lực để tiến hành kháng chiến chống thực dân Pháp ở miền Nam.","'Chính quyền cách mạng đã hoàn thành cải tạo xã hội chủ nghĩa đối với giai cấp địa chủ.",,1
"'Phương châm tác chiến của quân dân ta trong chiến dịch Hồ Chí Minh (4/1975) là:",Multiple Choice,"'“Tiến ăn chắc, đánh ăn chắc”.","'“Cơ động, linh hoạt, chắc thắng”.","'“Thần tốc, táo bạo, bất ngờ, chắc thắng”.","'“Đánh nhanh, thắng nhanh”.",,3
"'Tháng 02-1951, tại Vinh Quang (Chiêm Hóa- Tuyên Quang) đã diễn ra sự kiện nào sau đây?",Multiple Choice,"'Đại hội đại biểu toàn quốc lần thứ II của Đảng cộng sản Đông Dương.","'Đại hội thống nhất Mặt trận Việt Minh và Hội Liên Việt.","'Đại hội chiến sĩ thi đua và cán bộ gương mẫu toàn quốc lần thứ I.","'Hội nghị đại biểu để thành lập Liên minh nhân dân Việt - Miên - Lào.",,1
"'Văn kiện nào dưới đây được thông qua tại Đại hội đại biểu toàn quốc lần II (2/1951)?",Multiple Choice,"'Sách lược vắn tắt, điều lệ vắn tắt của Đảng.","'Luận cương chính trị của Trần Phú.","'Cương lĩnh chính trị đầu tiên của Đảng.","'Báo cáo chính trị của Chủ tịch Hồ Chí Minh.",,4
"'Đảng chủ trương trường kì kháng chiến vì:",Multiple Choice,"'Muốn thực dân Pháp từ bỏ mộng xâm lược nước ta.","'Muốn các nước tư bản đồng minh giúp đỡ ta.","'Tương quan lực lượng ban đầu không có lợi cho ta.","'Thực dân Pháp lựa chọn cách đánh lâu dài với ta.",,3
"'Nội dung nào KHÔNG phản ánh rõ đường lối chiến tranh nhân dân của Đảng Lao động Việt Nam được triển khai ở miền Nam Việt Nam trong kháng chiến chống Mĩ?",Multiple Choice,"'Kết hợp lực lượng chính trị quần chúng và lực lượng vũ trang nhân dân.","'Kết hợp đấu tranh quân sự với đấu tranh chính trị và đấu tranh ngoại giao.","'Hoàn thành khởi nghĩa từng phần rồi tiến lên chiến tranh cách mạng.","'Đánh địch trên cả ba vùng chiến lược, tiến công địch bằng ba mũi giáp công.",,3
"'Thành công của cuộc Tổng tuyển cử bầu Quốc hội (1946) ở Việt Nam chứng tỏ:",Multiple Choice,"'Quyền lực nhà nước chính thức thuộc về cơ quan hành pháp.","'Nhân dân bước đầu giành chính quyền, làm chủ đất nước.","'Sự ủng hộ to lớn của cộng đồng quốc tế đối với Việt Nam.","'Nhân dân có tinh thần đoàn kết và ý thức làm chủ đất nước.",,4
"'Năm 1951, Đảng ta chủ trương thành lập Liên minh nhân dân Việt - Miên - Lào nhằm:",Multiple Choice,"'Kêu gọi nhân dân ba nước liên minh chống Pháp.","'Tạo sức mạnh tổng hợp đấu tranh chống Pháp.","'Tạo sức mạnh của nhân dân ba nước Đông Dương.","'Tăng cường tình đoàn kết nhân dân ba nước Đông Dương.",,4
"'Ban Chấp hành Trung ương Đảng họp Hội nghị lần thứ 21 (7/1973) đã nêu rõ nhiệm vụ cơ bản của cách mạng miền Nam là:",Multiple Choice,"'Xây dựng và củng cố vùng giải phóng rộng lớn trong cả nước.","'Thực hiện triệt để khẩu hiệu “người cày có ruộng”.","'Đòi Mĩ và chính quyền Sài Gòn thi hành Hiệp định Pari.","'Tiếp tục cuộc cách mạng dân tộc dân chủ nhân dân.",,4
"'Đông Khê được chọn là nơi mở đầu chiến dịch Biên giới thu - đông năm 1950 của quân dân Việt Nam, vì đó là vị trí:",Multiple Choice,"'Ít quan trọng nên quân Pháp không chú ý phòng thủ.","'Án ngữ hành lang Đông- Tây của thực dân Pháp.","'Có thể đột phá, chia cắt tuyến phòng thủ của quân Pháp.","'Quan trọng nhất và tập trung cao nhất binh lực của Pháp.",,3
"'Nhận xét nào sau đây là đúng về bản Hiệp định Sơ bộ (6/3/1946)?",Multiple Choice,"'Công nhận Việt Nam là một quốc gia tự do, có quyền dân tộc tự quyết.","'Là sách lược của Việt Nam để kéo dài thời gian hòa hoãn với Pháp.","'Chuyển Pháp từ vị trí đối tác thành đối tượng của cách mạng Việt Nam.","'Biến hiệp ước 2 bên thành thỏa thuận 3 bên có lợi cho cách mạng.",,4
"'Sách lược đối ngoại của Đảng ta từ tháng 9/1945 đến tháng 2/1946 là:",Multiple Choice,"'Hòa Trung Hoa Dân quốc, đánh Pháp.","'Hòa hoãn với Pháp và Trung Hoa Dân quốc.","'Hòa Pháp, đuổi Trung Hoa Dân quốc.","'Hòa Trung Hoa Dân quốc, đuổi Pháp.",,1
"'Nguyên nhân chủ quan cơ bản nhất dẫn đến thắng lợi của cuộc kháng chiến chống Mĩ cứu nước là:",Multiple Choice,"'Truyền thống yêu nước, đoàn kết của nhân dân ta.","'Tinh thần chiến đấu dũng cảm của quân dân cả nước.","'Sự lãnh đạo sáng suốt của Đảng đứng đầu là chủ tịch Hồ Chí Minh.","'Hậu phương miền Bắc không ngừng lớn mạnh.",,3
"'Sau ngày đất nước thống nhất 1975, các kì Đại hội Đảng sẽ được tổ chức ở đâu?",Multiple Choice,"'Hà Nội.","'Đà Nẵng.","'Thành phố Hồ Chí Minh.","'Hải Phòng.",,1
"'Trong đường lối đổi mới đất nước (12-1986), Đảng Cộng sản Việt Nam xác định trọng tâm của công cuộc đổi mới là:",Multiple Choice,"'Kinh tế.","'Văn hóa.","'Tư tưởng.","'Chính trị.",,1
"'Đại hội nào coi nông nghiệp là mặt trận hàng đầu?",Multiple Choice,"'Đại hội đại biểu toàn quốc lần thứ V (3-1981).","'Đại hội đại biểu toàn quốc lần thứ IV (12-1976).","'Đại hội đại biểu toàn quốc lần thứ VII (6-1991).","'Đại hội đại biểu toàn quốc lần thứ VI (12-1986).",,1
"'Khẩu hiệu “Đoàn kết - Dân chủ - Kỉ cương - Đổi mới” lần đầu tiên xuất hiện tại:",Multiple Choice,"'Đại hội đại biểu toàn quốc lần thứ XII.","'Đại hội đại biểu toàn quốc lần thứ XI.","'Đại hội đại biểu toàn quốc lần thứ XIII.","'Đại hội đại biểu toàn quốc lần thứ X.",,1
"'Tên nước Cộng hòa xã hội chủ nghĩa Việt Nam được thông qua tại sự kiện chính trị nào/",Multiple Choice,"'Cuộc Tổng tuyển cử bầu Quốc hội chung (4-1976).","'Kì họp thứ nhất Quốc hội khóa VI nước Việt Nam thống nhất (7-1976).","'Hội nghị Hiệp thương chính trị thống nhất đất nước (11-1975).","'Hội nghị lần thứ 24 Ban Chấp hành Trung ương Đảng (9-1975).",,2
"'Nội dung nào là một trong những quyết định của kì họp thứ nhất Quốc hội khóa VI nước Việt Nam thống nhất (24/6 - 3/7/1976)?",Multiple Choice,"'Tuyên bố Nước Việt Nam dân chủ cộng hòa thành lập.","'Mở ra những khả năng to lớn để bảo vệ Tổ quốc.","'Tạo điều kiện thuận lợi để cả nước đi lên chủ nghĩa xã hội.","'Quốc huy mang dòng chữ Cộng hòa xã hội chủ nghĩa Việt Nam.",,4
"'Tại Đại hội lần thứ IX (4-2001), Đảng chủ trương thực hiện nhất quán và lâu dài mô hình kinh tế tổng quát của Việt Nam trong thời kì quá độ đi lên CNXH là:",Multiple Choice,"'Nền kinh tế độc quyền do Nhà nước kiểm soát.","'Nền kinh tế thị trường định hướng xã hội chủ nghĩa.","'Nền kinh tế thị trường định hướng TBCN.","'Nền kinh tế kế hoạch hóa tập trung quan lieu.",,2
"'Đại hội nào của Đảng được gọi là Đại hội “Trí tuệ- đổi mới, dân chủ - kỉ cương - đoàn kết”.",Multiple Choice,"'Đại hội đại biểu toàn quốc lần thứ V (3-1981).","'Đại hội đại biểu toàn quốc lần thứ VI (12-1986).","'Đại hội đại biểu toàn quốc lần thứ VII (6-1991).","'Đại hội đại biểu toàn quốc lần thứ IV (12-1976).",,3
"'Nội dung nào là một trong những quyết định của kì họp thứ nhất Quốc hội khóa VI nước Việt Nam thống nhất (24/6 đến 3/7/1976)?",Multiple Choice,"'Quyết định Tên nước là Cộng hòa xã hội chủ nghĩa Việt Nam.","'Mở ra những khả năng to lớn để bảo vệ Tổ quốc.","'Tuyên bố Nước Việt Nam dân chủ cộng hòa thành lập.","'Tạo điều kiện thuận lợi để cả nước đi lên chủ nghĩa xã hội.",,1
"'Đường lối đổi mới được thông qua lần đầu tiên tại:",Multiple Choice,"'Đại hội VI (12-1986).","'Đại hội VII (6/1991).","'Đại hội V (3-1981).","'Đại hội VIII (7/1996).",,1
"'Hội nghị lần thứ 24 Ban chấp hành Trung ương Đảng Lao Động Việt Nam (9/1975) đã đề ra nhiệm vụ gì?",Multiple Choice,"'Thống nhất đất nước về mặt nhà nước.","'Xây dựng chủ nghĩa xã hội ở miền Bắc.","'Tiếp tục cách mạng dân tộc dân chủ nhân dân ở miền Nam.","'Dùng bạo lực đánh đổ Mĩ - Diệm.",,1
"'Cho các dữ liệu sau:
1. Hội nghị lần thứ 24 của Đảng đề ra nhiệm vụ hoàn thành thống nhất đất nước về mặt nhà nước.
2. Hội nghị Hiệp thương chính trị thống nhất đất nước tổ chức tại Sài Gòn.
3. Quốc hội khóa VI nước Việt Nam thống nhất họp kì đầu tiên tại Hà Nội.
Sắp xếp các dữ liệu theo thứ tự thời gian thể hiện quá trình thống nhất đất nước về mặt nhà nước.”
",Multiple Choice,"'1,2,3.","'2,3,1.","'2,1,3.","'3,1,2.",,1
"'Tại đại hội lần thứ VI (12-1986) Đảng tổng kết một trong nhữngg bài học kinh nghiệm rút ra trong toàn bộ hoạt động của mình là Đảng cần phải quán triệt tư tưởng:",Multiple Choice,"'Lấy dân làm gốc.","'Giáo dục là gốc.","'Con người là vốn.","'Cán bộ là gốc.",,1
"'Những thành tựu Việt Nam đạt được trong việc thực hiện kế hoạch 5 năm 1986-1990 chứng tỏ điều gì?",Multiple Choice,"'Việt Nam đã thoát khỏi tình trạng khủng hoảng kinh tế - xã hội.","'Đường lối đổi mới là đúng, bước đi của công cuộc đổi mới cơ bản là phù hợp.","'Đường lối đổi mới về cơ bản là đúng đắn, cần phải có những bước đi phù hợp.","'Việt Nam đã giải quyết được sự mất cân đối của nền kinh tế.",,2
"'Lần đầu tiên, Đại hội đại biểu toàn quốc lần thứ V (3/1982) của Đảng xác định thời kì quá độ đi lên CNXH ở Việt Nam là khó khăn, phức tạp, lâu dài, phải trải qua:",Multiple Choice,"'Nhiều bước quá độ.","'Ba chặng đường.","'Hai chặng đường.","'Nhiều chặng đường.",,4
"'Phát biểu nào sau đây không đúng về đường lối đổi mới trên lĩnh vực chính trị:",Multiple Choice,"'Thực hiện chính sách đoàn kết kết dân tộc, đoàn kết quốc tế.","'Xây dựng Nhà nước pháp quyền xã hội chủ nghĩa.","'Thực hiện chính sách đối ngoại hòa bình, hữu nghị, hợp tác.","'Mở rộng quan hệ kinh tế đối ngoại với tất cả các quốc gia.",,4
"'Sau khi cuộc kháng chiến chống Mĩ cứu nước kết thúc, yếu tố nào còn tồn tại trái với nguyện vọng, tình cảm thiêng liêng của nhân dân Việt Nam?",Multiple Choice,"'Đất nước chưa thống nhất về mặt lãnh thổ, tiềm lực quốc gia còn yếu.","'Mỗi miền đất nước vẫn tồn tại hình thức tổ chức nhà nước khác nhau.","'Nền kinh tế phát triển không cân đối, lệ thuộc vào viện trợ của nước ngoài.","'Mĩ không trao trả tù binh bị bắt, không hàn gắn vết thương chiến tranh.",,2
"'Nguyện vọng, tình cảm thiêng liêng của nhân dân hai miền Nam – Bắc Việt Nam sau đại thắng mùa Xuân 1975 là:",Multiple Choice,"'Đánh thắng hoàn toàn giặc Mĩ xâm lược.","'Sớm được sum họp trong một đại gia đình.","'Công nghiệp hóa, hiện đại hóa đất nước.","'Xây dựng thành công xã hội chủ nghĩa.",,2
"'Năm 1986, Đảng và Nhà nước Việt Nam tiến hành đổi mới đất nước nhằm:",Multiple Choice,"'Giải quyết khó khăn về tài chính.","'Xây dựng và bảo vệ chính quyền cách mạng.","'Khắc phục sai lầm, khuyết điểm.","'Giải quyết nạn đói, nạn dốt.",,3
"'Thành tựu quan trọng nhất trong bước đầu thực hiện công cuộc đổi mới (12-1986) là:",Multiple Choice,"'Từng bước đưa đất nước thoát khỏi khủng hoảng kinh tế - xã hội.","'Kiềm chế được lạm phát về kinh tế.","'Tập trung phát triển kinh tế đối ngoại.","'Thực hiện được mục tiêu Ba chương trình kinh tế lớn.",,1
"'Nguyên nhân khách quan nào sau đây thúc đẩy Đảng và Nhà nước ta phải tiến hành đổi mới?",Multiple Choice,"'Do nền kinh tế Việt Nam kém phát triển, mất cân đối.","'Do con người Việt Nam cảm thấy cần đổi mới để thay đổi cuộc sống.","'Khắc phục tình trạng khủng hoảng kinh tế- xã hội trong nước.","'Do tác động của cuộc cách mạng khoa học công nghệ.",,4
"'Sự kiện nào là quan trọng nhất trong quá trình thống nhất đất nước về mặt nhà nước sau năm 1975?",Multiple Choice,"'Tổng tuyển cử bầu Quốc hội chung trong cả nước.","'Quốc hội khóa VI của nước Việt Nam thống nhất họp phiên đầu tiên.","'Hội nghị Hiệp thương của đại biểu hai miền Nam - Bắc tại Sài Gòn.","'Đại hội thống nhất mặt trận Tổ quốc Việt Nam.",,2
"'Tình hình thế giới và trong nước những năm 80 của thế kỉ XX đã đặt ra yêu cầu cấp bách nào đối với Việt Nam?",Multiple Choice,"'Hoàn thành công nghiệp hóa, hiện đại hóa đất nước.","'Tập trung phát triển công nghiệp nặng.","'Tiến hành công cuộc đổi mới toàn diện.","'Hoàn thành tập thể hóa nông nghiệp.",,3
"'Trong mục tiêu tổng quát, Nghị quyết Đại hội lần thứ XII đã thống nhất cần: Đẩy mạnh toàn diện, đồng bộ công cuộc đổi mới; phát triển kinh tế nhanh, bền vững, phấn đấu sớm đưa nước ta…",Multiple Choice,"'Cơ bản trở thành nước công nghiệp theo hướng hiện đại.","'Trở thành một nước công nghiệp hiện đại.","'Trở thành nước hiện đại nhất châu Á.","'Trở thành nước công nghiệp đứng đầu châu Á.",,1
"'Vì sao nói đổi mới đất nước là một tất yếu khách quan.",Multiple Choice,"'Đổi mới là yêu cầu cấp bách thường xuyên của cách mạng Việt Nam.","'Tình hình thế giới có nhiều chuyển biến lớn từ Liên Xô.","'Tác động của cuộc cách mạng khoa học công nghệ trên thế giới.","'Đất nước ta lâm vào cuộc khủng hoảng kinh tế xã hội trầm trọng.",,4
"'Nhận định nào đúng về Đại hội đại biểu toàn quốc lần thứ VI của Đảng?",Multiple Choice,"'Đại hội khởi xướng đường lối đổi mới toàn diện, đánh dấu bước phát triển mới trong thời kỳ quá độ lên chủ nghĩa xã hội.","'Đại hội có bước phát triển nhận thức mới, các bước đột phá tiếp tục đổi mới về kinh tế.","'Đại hội toàn thắng của sự nghiệp giải phóng dân tộc, thống nhất Tổ quốc, đưa cả nước tiến lên CNXH.","'Đại hội của trí tuệ - đổi mới, dân chủ - kỷ cương - đoàn kết trách nhiệm trong mọi lĩnh vực.",,1
"'Khoán 100 đã ra đời sau bước đột phát nào của Đảng về kinh tế?",Multiple Choice,"'Bước đột phá thứ hai về đổi mới kinh tế của Đảng (6/1985).","'Bước đột phá thứ tư về đổi mới kinh tế của Đảng (6/1987).","'Bước đột phá đầu tiên về đổi mới kinh tế của Đảng (8/1979).","'Bước đột phá thứ ba về đổi mới kinh tế của Đảng (8/1986).",,3
"'Thành tựu nổi bật về lương thực-thực phẩm trong kế hoạch Nhà nước 5 năm 1986-1990 ở Việt Nam là gì?",Multiple Choice,"'Nhiều mặt hành có giá trị xuất khẩu lớn.","'Đáp ứng nhu cầu trong nước, có dự trữ và xuất khẩu.","'Hàng hóa trên thị trường dồi dào, đa dạng.","'Bước đầu hình thành nền kinh tế nhiều thành phần.",,2
"'Nội dung đổi mới về kinh tế ở Việt Nam (12-1986) và Chính sách kinh tế mới (NEP, 1921) ở nước Nga có điểm tương đồng là:",Multiple Choice,"'Ưu tiên phát triển công nghiệp nặng và giao thông vận tải.","'Xây dựng nền kinh tế nhiều thành phần có sự quản lý của nhà nước.","'Xây dựng kinh tế thị trường xã hội chủ nghĩa, kiểm soát bằng pháp luật.","'Thay chế độ trưng thu lương thực thừa bằng thuế lương thực.",,2
"'Tinh thần gì được phát huy qua hai cuộc Tổng tuyển cử bầu Quốc hội năm 1946 và 1976?",Multiple Choice,"'Đoàn kết với Lào và Campuchia.","'Tinh thần đoàn kết quốc tế vô sản.","'Yêu nước chống ngoại xâm.","'Tinh thần đại đoàn kết dân tộc.",,4
"'So với Cương lĩnh xây dựng đất nước trong thời kỳ quá độ lên chủ nghĩa xã hội ở Việt Nam (1991), Cương lĩnh bổ sung phát triển năm 2011 nêu thêm đặc trưng của chủ nghĩa xã hội mà nhân dân Việt Nam xây dựng là:",Multiple Choice,"'do nhân dân lao động làm chủ và có kinh tế phát triển.","'có nền văn hóa tiên tiến và đậm đà bản sắc dân tộc.","'có quan hệ hữu nghị hợp tác với các nước trên thế giới.","'dân giàu, nước mạnh, dân chủ, công bằng, văn minh.",,4
"'Nhận định nào đúng về ý nghĩa của Đại hội đại biểu toàn quốc lần thứ VI của Đảng cộng sản Việt Nam (12/1986)?",Multiple Choice,"'Chuẩn bị những tiền đề cần thiết để Đảng đề ra đường lối đổi mới.","'Mở ra một bước ngoặt trên con đường quá độ lên chủ nghĩa xã hội.","'Đưa đất nước vào thời kì đẩy mạnh công nghiệp hóa- hiện đại hóa đất nước.","'Bước đầu đưa đất nước phát triển theo con đường xã hội chủ nghĩa.",,2
"'Việc hoàn thành thống nhất đất nước về mặt nhà nước ở Việt Nam (1976) đã:",Multiple Choice,"'Thể hiện mong muốn được gia nhập tổ chức ASEAN của Việt Nam.","'Tạo khả năng to lớn để mở rộng quan hệ với các nước trên thế giới.","'Đánh dấu việc hoàn thành thống nhất các tổ chức chính trị - xã hội.","'Tạo điều kiện tiếp tục hoàn thành cuộc cách mạng giải phóng dân tộc.",,2
"'Cương lĩnh xây dựng đất nước trong thời kỳ quá độ đi lên chủ nghĩa xã hội được thông qua tại Đại hội:",Multiple Choice,"'Đại hội đại biểu toàn quốc lần thứ V (3-1981).","'Đại hội đại biểu toàn quốc lần thứ VI (12-1986).","'Đại hội đại biểu toàn quốc lần thứ IV (12-1976).","'Đại hội đại biểu toàn quốc lần thứ VII (6-1991).",,4
"'Đại hội Đại biểu toàn quốc lần thứ IV của Đảng (12/1976) đề ra đường lối:",Multiple Choice,"'Cải tạo xã hội chủ nghĩa trong giai đoạn xây dựng đất nước.","'Xây dựng chủ nghĩa xã hội trong phạm vi cả nước.","'Xây dựng chủ nghĩa xã hội ở miền Bắc, một phần ở miền Nam","'Khôi phục và bước đầu phát triển kinh tế tư bản chủ nghĩa trên cả nước.",,2
"'Sự kiện nào đánh dấu công cuộc thống nhất đất nước về mặt nhà nước đã hoàn thành?",Multiple Choice,"'Cuộc Tổng tuyển cử bầu Quốc hội chung (1976).","'Đại hội đại biểu toàn quốc lần thứ IV (1976).","'Kì họp đầu tiên Quốc hội khóa VI (1976).","'Hội nghị Hiệp thương chính trị thống nhất đất nước (1975).",,3
"'Đại hội nào của Đảng khẳng định: Tư tưởng Hồ Chí Minh không chỉ là kết quả của sự vận dụng sáng tạo mà còn phát triển  sáng tạo chủ nghĩa Mác - Lênin?",Multiple Choice,"'Đại hội IX.","'Đại hội VIII","'Đại hội VII.","'Đại hội VI.",,1
"'Một trong những khó khăn, yếu kém của công cuộc đổi mới từ năm 1986 đến năm 1990 là:",Multiple Choice,"'Kinh tế mất cân đối, lạm phát ở mức cao.","'Sự nghiệp văn hóa có sự cải thiện.","'Tích lũy nội bộ nền kinh tế chưa nhiều.","'Tình trạng tham những mới khắc phục gần hết.",,1
"'Từ sau năm 1975 tới nay, sự kiện nào đã đánh dấu bước ngoặt mới cho sự phát triển của lịch sử dân tộc Việt Nam?",Multiple Choice,"'Đẩy mạnh công nghiệp hóa, hiện đại hóa.","'Xây dựng và phát triển đất nước.","'Xây dựng và bảo vệ Tổ quốc.","'Đường lối đổi mới của Đảng năm 1986.",,4
"'Một trong những quan điểm được đề ra trong Chiến lược phát triển kinh tế - xã hội 2011 - 2020?",Multiple Choice,"'Phát triển nhanh gắn liền với phát triển bền vững, phát triển bền vững là yêu cầu xuyên suốt trong Chiến lược.","'Tăng đầu tư của Nhà nước, đồng thời đẩy mạnh huy động các nguồn lực của xã hội để phát triển văn hoá, xã hội.","'Phát huy dân chủ, khơi dậy sức mạnh tổng hợp của toàn dân tộc, kết hợp sức mạnh dân tộc với sức mạnh thời đại.","'Hoàn thiện thể chế kinh tế thị trường định hướng xã hội chủ nghĩa, trọng tâm là tạo lập môi trường cạnh tranh bình đẳng và cải cách hành chính.",,1
"'Đâu là điểm chung trong quyết định của Quốc hội khóa VI và Quốc Hội khóa I?",Multiple Choice,"'Thành lập chính phủ Liên Hiệp kháng chiến.","'Lấy tên nước là Cộng hòa xã hội chủ nghĩa Việt Nam.","'Bầu Ban dự thảo Hiến pháp.","'Thành lập Quân đội Quốc gia Việt Nam.",,3
"'Đâu là nhận xét đúng về chủ trương mở rộng, đa dạng hoá và đa phương hoá quan hệ đối ngoại của Đảng?",Multiple Choice,"'Là chủ trương đúng đắn, kịp thời của Đảng được đưa ra lần đầu tiên ở đại hội VI (12-1986).","'Là chủ trương phù hợp, kịp thời lần đầu tiên được đưa ra ở đại hôi Đảng lần thứ V (3-1982).","'Là chủ trương quan trọng lần đầu tiên được đưa ra tại đại hội VII (6/1991).","'Là chủ trương xuyên xuốt, kịp thời lần đầu tiên được đưa ra ở đại hôi Đảng lần thứ VIII (7-1996).",,1
"'“Đoàn kết – Dân chủ – Kỷ cương – Sáng tạo – Phát triển” là gì của Đại hội XIII của Đảng?",Multiple Choice,"'Mục tiêu chỉ đạo của Đại hội Đảng XIII.","'Chủ đề của Đại hội Đảng lần thứ XIII.","'Quan điểm chỉ đạo của Đại hội Đảng XIII.","'Phương châm chỉ đạo của Đại hội Đảng XIII.",,4
"'Trong 15 năm (1986-2000) thực hiện đường lối đổi mới, những thành tựu về kinh tế- xã hội mà người Việt Nam đạt được có ý nghĩa như thế nào?",Multiple Choice,"'Củng cố vững chắc độc lập dân tộc và chế độ xã hội chủ nghĩa.","'Đưa Việt Nam tham gia nhanh chóng vào xu thế trật tự đa cực.","'Định hướng con đường phát triển cho các quốc gia trên thế giới.","'Góp phần chấm dứt mưu đồ chống phá của các thế lực thù địch.",,1
"'Hội nghị Hiệp thương chính trị thống nhất đất nước được tổ chức tại Sài Gòn (11-1975) đã:",Multiple Choice,"'Quyết định đặt tên nước là Cộng hòa xã hội chủ nghĩa Việt Nam","'Thông qua chính sách đối nội, đối ngoại của nước Việt Nam thống nhất.","'Nhất trí hoàn toàn các chủ trương, biện pháp thống nhất đất nước về mặt nhà nước.","'Bầu các cơ quan lãnh đạo cao nhất, Ban dự thảo Hiến pháp.",,3
"'Nội dung của Ba chương trình kinh tế lớn từ năm 1986 là:",Multiple Choice,"'Lương thực - thực phẩm, hàng tiêu dùng và hàng xuất khẩu.","'Máy móc, lương thực - thực phẩm và hàng xuất khẩu.","'Hàng hóa tiêu dùng, hàng xuất khẩu và máy móc.","'Lương thực - thực phẩm, hàng tiêu dùng và máy móc.",,1
"'Nội dung nào KHÔNG nói lên ý nghĩa của việc hoàn thành thống nhất về mặt Nhà nước sau đại thắng mùa Xuân 1975?",Multiple Choice,"'Tạo điều kiện thuận lợi để cả nước đi lên xây dựng chủ nghĩa xã hội.","'Chứng tỏ sự ủng hộ to lớn của quốc tế với công cuộc xây dựng chủ nghĩa xã hội của ta.","'Mở ra khả năng to lớn để bảo vệ Tổ quốc và mở rộng quan hệ quốc tế.","'Tạo những điều kiện chính trị cơ bản để phát huy sức mạnh toàn diện của đất nước.",,2
"'“Việt Nam là bạn, đối tác tin cậy của các nước trong cộng đồng quốc tế, tham gia tích cực vào tiến trình hợp tác quốc tế và khu vực” là chủ trương của đại hôi X trên lĩnh vực nào?",Multiple Choice,"'Chính trị.","'Văn hóa.","'Đối ngoại.","'Kinh tế.",,3
"'Nội dung nào không nằm trong đường lối đổi mới về kinh tế của Đảng Cộng sản Việt Nam từ Đại hôi VI (12/1986).",Multiple Choice,"'Ưu tiên đầu tư phát triển công nghiệp nặng.","'Xây dựng nền kinh tế với cơ cấu nhiều quy mô.","'Hình thành kinh tế thị trường định hướng XHCN.","'Mở rộng và phát triển quan hệ kinh tế đối ngoại.",,1
"'Văn kiện Đại hội XIII định hướng bảo vệ Tổ quốc giai đoạn 2021-2030 như thế nào?",Multiple Choice,"'Kiên quyết, kiên trì bảo vệ vững chắc độc lập, tự do của Tổ quốc.","'Kiên quyết, kiên trì bảo vệ vững chắc độc lập, chủ quyền biển đảo của Tổ quốc.","'Kiên quyết, kiên trì bảo vệ vững chắc độc lập, chủ quyền, thống nhất, toàn vẹn lãnh thổ của Tổ quốc.","'Kiên quyết, kiên trì bảo vệ vững chắc độc lập, chủ quyền vùng trời, vùng biển của Tổ quốc.",,3
"'Bài học kinh nghiệm lớn nhất được rút ra từ thắng lợi của cuộc Tổng tuyển cử bầu Quốc hội khóa I và khóa VI ở nước ta là gì?",Multiple Choice,"'Phát huy quyền làm chủ nhân dân, không ngừng chăm lo, bồi dưỡng sức dân.","'Tăng cường xây dựng, nâng cao sức chiến đấu của Đảng.","'Không ngừng xây dựng, củng cố chính quyền nhân dân các cấp.","'Đẩy mạnh công tác tuyên truyền, giáo dục tư tưởng chính trị cho nhân dân.",,1
"'Đại hội XIII nhận định chung về tình hình đất nước sau 35 năm đổi mới:",Multiple Choice,"'Đất nước ta chưa bao giờ có cơ đồ, tiềm lực và uy tín quốc tế như ngày nay.","'Đất nước ta chưa bao giờ có cơ đồ, tiềm lực, vị thế và uy tín quốc tế như ngày nay.","'Đất nước ta chưa bao giờ có cơ đồ, vị thế và uy tín quốc tế như ngày nay.","'Đất nước ta chưa bao giờ có cơ đồ, vị thế, tiềm lực và uy tín quốc tế như ngày nay.",,2
"'Kế hoạch nhà nước 5 năm (1976-1980) nhân dân Việt Nam là: vừa xây dựng chủ nghĩa xã hội vừa:",Multiple Choice,"'Khắc phục hậu quả của chiến tranh.","'Cải tạo quan hệ sản xuất xã hội chủ nghĩa.","'Khôi phục kinh tế.","'mở cửa, hội nhập với thế giới.",,2
"'Về công tác xây dựng Đảng nhiệm kỳ 2021 – 2026, Nghị quyết Đại hội XIII của Đảng xác định có bao nhiêu nhiệm vụ trọng tâm và giải pháp đột phá?",Multiple Choice,"'3 nhiệm vụ trọng tâm và 4 giải pháp đột phá.","'3 nhiệm vụ trọng tâm và 3 giải pháp đột phá.","'4 nhiệm vụ trọng tâm và 4 giải pháp đột phá.","'4 nhiệm vụ trọng tâm và 3 giải pháp đột phá.",,2
"'Đâu là nhận xét đúng về Cương lĩnh 2011 của Đảng?",Multiple Choice,"'Là Cương lĩnh khởi xướng đường lối đổi mới.","'Là Cương lĩnh đầu tiên của Đảng kể từ năm 1930.","'Là Cương lĩnh hoàn thiện về lý luận về đường lối đổi mới.","'Là Cương lĩnh đề ra chủ trương công nghiệp hóa.",,3
"'Phát biểu ý kiến của anh (chị) về nhận định sau: “thống nhất đất nước vừa là nguyện vọng tha thiết bậc nhất của nhân dân, vừa là quy luật khách quan của lịch sử Việt Nam”?",Multiple Choice,"'Sai, vì thực tế có hàng loạt người dân miền Nam đã di cư ra nước ngoài do không muốn thống nhất đất nước.","'Đúng, vì thống nhất đất nước là nguyện vọng của những người lãnh đạo miền Bắc Việt Nam.","'Đúng, vì thực tế lịch sử Việt Nam đã chứng minh quy luật thống nhất là đúng và đa số người dân đều ủng hộ thống nhất khi 98,8% cử tri đi bỏ phiếu.","'Đúng, vì đều tiến hành sau thắng lợi của cuộc đấu tranh chống ngoại xâm.",,3
"'Vấn đề hoàn thành thống nhất đất nước về mặt Nhà nước ở Việt Nam sau đại thắng mùa Xuân 1975 trở nên cấp thiết do:",Multiple Choice,"'Ranh giới chia cắt hai miền đất nước chưa bị xóa bỏ.","'Yêu cầu của cuộc đấu tranh chống tập đoàn Pôn - Pốt.","'Mĩ can thiệp vào công việc nội bộ của hai miền.","'Yêu cầu của sự nghiệp xây dựng và bảo vệ Tổ quốc.",,4
